{
    "illustravit": {
        "railway": {
            "progress": 0.10357142857142855,
            "rate": 0.25
        }
    },
    "argunshire": {},
    "bugoslavia": {
        "suspension": {
            "progress": 0.9169971988944106,
            "rate": 1.041619536269513
        },
        "engine": {
            "progress": 0.9169971988944106,
            "rate": 1.041619536269513
        }
    },
    "landepunkt": {
        "engine": {
            "progress": 0.947159826719255,
            "rate": 0.6096660953595207
        }
    },
    "posterian": {},
    "shoisho": {
        "armor": {
            "progress": 0.5091588289161385,
            "rate": 0.307251017449394
        },
        "cannon": {
            "progress": 0.5091588289161385,
            "rate": 0.307251017449394
        },
        "engine": {
            "progress": 0.5091588289161385,
            "rate": 0.307251017449394
        },
        "suspension": {
            "progress": 0.5091588289161385,
            "rate": 0.307251017449394
        }
    },
    "aina-kiko": {},
    "ghania": {
        "armor": {
            "progress": 0.6383288370933246,
            "rate": 0.4565314799134891
        },
        "cannon": {
            "progress": 0.6383288370933246,
            "rate": 0.4565314799134891
        },
        "engine": {
            "progress": 0.6383288370933246,
            "rate": 0.4565314799134891
        },
        "suspension": {
            "progress": 0.6383288370933246,
            "rate": 0.4565314799134891
        },
        "railway": {
            "progress": 0.6602678571428575,
            "rate": 0.25
        }
    },
    "nunatuniq": {},
    "austrondian": {
        "engine": {
            "progress": 0,
            "rate": 0.5494644219192883
        },
        "suspension": {
            "progress": 0,
            "rate": 0.5494644219192883
        },
        "cannon": {
            "progress": 0,
            "rate": 0.5494644219192883
        },
        "armor": {
            "progress": 0,
            "rate": 0.5494644219192883
        }
    },
    "PARS Heavy Machineries": {},
    "Bartkowicz Motor Works": {
        "armor": {
            "progress": 0.21128571428571427,
            "rate": 0.51
        },
        "cannon": {
            "progress": 0.21128571428571427,
            "rate": 0.51
        },
        "engine": {
            "progress": 0.21128571428571427,
            "rate": 0.51
        },
        "suspension": {
            "progress": 0.21128571428571427,
            "rate": 0.51
        }
    },
    "H.S.J": {},
    "Wills Works": {},
    "Zavark Industrial Kompany": {
        "armor": {
            "progress": 0.05282142857142857,
            "rate": 0.51
        },
        "cannon": {
            "progress": 0.05282142857142857,
            "rate": 0.51
        },
        "engine": {
            "progress": 0.05282142857142857,
            "rate": 0.51
        },
        "suspension": {
            "progress": 0.05282142857142857,
            "rate": 0.51
        }
    },
    "Aeroette Munitions": {
        "Armor": {
            "progress": 0.6732142857142855,
            "rate": 0.52
        },
        "cannon": {
            "progress": 0.6602678571428571,
            "rate": 0.51
        },
        "engine": {
            "progress": 0.6602678571428571,
            "rate": 0.51
        },
        "suspension": {
            "progress": 0.6602678571428571,
            "rate": 0.51
        }
    },
    "Dakhtuva Motor Company": {},
    "Clippit Manufacturing": {
        "armor": {
            "progress": 0.3169285714285714,
            "rate": 0.51
        },
        "cannon": {
            "progress": 0.3169285714285714,
            "rate": 0.51
        },
        "engine": {
            "progress": 0.3169285714285714,
            "rate": 0.51
        },
        "suspension": {
            "progress": 0.3169285714285714,
            "rate": 0.51
        }
    },
    "AVM Ltd.": {
        "armor": {
            "progress": 0.05282142857142857,
            "rate": 0.51
        },
        "cannon": {
            "progress": 0.05282142857142857,
            "rate": 0.51
        },
        "engine": {
            "progress": 0.05282142857142857,
            "rate": 0.51
        },
        "suspension": {
            "progress": 0.05282142857142857,
            "rate": 0.51
        }
    },
    "Patch & Bits Inc": {},
    "Ma\u0161in\u00e9rn\u00ed Spole\u010dnost Bernardova": {
        "armor": {
            "progress": 0.6338571428571428,
            "rate": 0.51
        },
        "cannon": {
            "progress": 0.6338571428571428,
            "rate": 0.51
        },
        "engine": {
            "progress": 0.6338571428571428,
            "rate": 0.51
        },
        "suspension": {
            "progress": 0.6338571428571428,
            "rate": 0.51
        }
    },
    "Volxl Defence agency": {},
    "SMW": {},
    "<IronShield Defence Contractors>": {},
    "Aiko Motors Arsenal": {
        "armor": {
            "progress": 0.1584642857142857,
            "rate": 0.51
        },
        "cannon": {
            "progress": 0.1584642857142857,
            "rate": 0.51
        },
        "engine": {
            "progress": 0.1584642857142857,
            "rate": 0.51
        },
        "suspension": {
            "progress": 0.1584642857142857,
            "rate": 0.51
        }
    },
    "Ironshield Defence": {},
    "Bastion Steelworks": {},
    "Dragonfire Industries": {
        "cannon": {
            "progress": 0.4753928571428571,
            "rate": 0.51
        },
        "engine": {
            "progress": 0.4753928571428571,
            "rate": 0.51
        },
        "suspension": {
            "progress": 0.4753928571428571,
            "rate": 0.51
        },
        "armor": {
            "progress": 0.42257142857142854,
            "rate": 0.51
        }
    },
    "TEKKTH Productions": {
        "armor": {
            "progress": 0.1584642857142857,
            "rate": 0.51
        },
        "cannon": {
            "progress": 0.1584642857142857,
            "rate": 0.51
        },
        "engine": {
            "progress": 0.1584642857142857,
            "rate": 0.51
        },
        "suspension": {
            "progress": 0.1584642857142857,
            "rate": 0.51
        }
    },
    "Steelshire Manufacturing": {}
}