{
    "illustravit": {
        "railway": {
            "progress": 0.6861607142857147,
            "rate": 0.25
        }
    },
    "argunshire": {},
    "bugoslavia": {},
    "landepunkt": {
        "engine": {
            "progress": 0,
            "rate": 0.6096660953595207
        }
    },
    "posterian": {},
    "shoisho": {
        "armor": {
            "progress": 0.22275698765081062,
            "rate": 0.307251017449394
        },
        "cannon": {
            "progress": 0.22275698765081062,
            "rate": 0.307251017449394
        },
        "engine": {
            "progress": 0.22275698765081062,
            "rate": 0.307251017449394
        },
        "suspension": {
            "progress": 0.22275698765081062,
            "rate": 0.307251017449394
        }
    },
    "aina-kiko": {
        "armor": {
            "progress": 0.40985284192352517,
            "rate": 0.31657598824437816
        },
        "cannon": {
            "progress": 0.40985284192352517,
            "rate": 0.31657598824437816
        },
        "engine": {
            "progress": 0.40985284192352517,
            "rate": 0.31657598824437816
        },
        "suspension": {
            "progress": 0.40985284192352517,
            "rate": 0.31657598824437816
        }
    },
    "ghania": {
        "armor": {
            "progress": 0.685612454655793,
            "rate": 0.4565314799134891
        },
        "cannon": {
            "progress": 0.685612454655793,
            "rate": 0.4565314799134891
        },
        "engine": {
            "progress": 0.685612454655793,
            "rate": 0.4565314799134891
        },
        "suspension": {
            "progress": 0.685612454655793,
            "rate": 0.4565314799134891
        },
        "railway": {
            "progress": 0.24598214285714293,
            "rate": 0.25
        }
    },
    "nunatuniq": {
        "armor": {
            "progress": 0.045695637783508464,
            "rate": 0.29413284090534186
        },
        "cannon": {
            "progress": 0.045695637783508464,
            "rate": 0.29413284090534186
        },
        "engine": {
            "progress": 0.045695637783508464,
            "rate": 0.29413284090534186
        },
        "suspension": {
            "progress": 0.045695637783508464,
            "rate": 0.29413284090534186
        }
    },
    "austrondian": {
        "engine": {
            "progress": 0.5121793361461937,
            "rate": 0.5494644219192883
        },
        "suspension": {
            "progress": 0.5121793361461937,
            "rate": 0.5494644219192883
        },
        "cannon": {
            "progress": 0.5121793361461937,
            "rate": 0.5494644219192883
        },
        "armor": {
            "progress": 0.5121793361461937,
            "rate": 0.5494644219192883
        }
    },
    "PARS Heavy Machineries": {},
    "Bartkowicz Motor Works": {
        "armor": {
            "progress": 0.1584642857142857,
            "rate": 0.51
        },
        "cannon": {
            "progress": 0.1584642857142857,
            "rate": 0.51
        },
        "engine": {
            "progress": 0.1584642857142857,
            "rate": 0.51
        },
        "suspension": {
            "progress": 0.1584642857142857,
            "rate": 0.51
        }
    },
    "H.S.J": {},
    "Wills Works": {},
    "Zavark Industrial Kompany": {
        "armor": {
            "progress": 0.4753928571428571,
            "rate": 0.51
        },
        "cannon": {
            "progress": 0.4753928571428571,
            "rate": 0.51
        },
        "engine": {
            "progress": 0.4753928571428571,
            "rate": 0.51
        },
        "suspension": {
            "progress": 0.4753928571428571,
            "rate": 0.51
        }
    },
    "Aeroette Munitions": {
        "Armor": {
            "progress": 0.8886428571428568,
            "rate": 0.52
        },
        "cannon": {
            "progress": 0.8451428571428571,
            "rate": 0.51
        },
        "engine": {
            "progress": 0.8451428571428571,
            "rate": 0.51
        },
        "suspension": {
            "progress": 0.8451428571428571,
            "rate": 0.51
        }
    },
    "Dakhtuva Motor Company": {},
    "Clippit Manufacturing": {
        "armor": {
            "progress": 0.5018035714285713,
            "rate": 0.51
        },
        "cannon": {
            "progress": 0.5018035714285713,
            "rate": 0.51
        },
        "engine": {
            "progress": 0.5018035714285713,
            "rate": 0.51
        },
        "suspension": {
            "progress": 0.5018035714285713,
            "rate": 0.51
        }
    },
    "AVM Ltd.": {
        "armor": {
            "progress": 0.36974999999999997,
            "rate": 0.51
        },
        "cannon": {
            "progress": 0.36974999999999997,
            "rate": 0.51
        },
        "engine": {
            "progress": 0.36974999999999997,
            "rate": 0.51
        },
        "suspension": {
            "progress": 0.36974999999999997,
            "rate": 0.51
        }
    },
    "Patch & Bits Inc": {},
    "Ma\u0161in\u00e9rn\u00ed Spole\u010dnost Bernardova": {
        "armor": {
            "progress": 0.05282142857142857,
            "rate": 0.51
        },
        "cannon": {
            "progress": 0.05282142857142857,
            "rate": 0.51
        },
        "engine": {
            "progress": 0.05282142857142857,
            "rate": 0.51
        },
        "suspension": {
            "progress": 0.05282142857142857,
            "rate": 0.51
        }
    },
    "Volxl Defence agency": {},
    "SMW": {},
    "<IronShield Defence Contractors>": {},
    "Aiko Motors Arsenal": {
        "armor": {
            "progress": 0.44898214285714283,
            "rate": 0.51
        },
        "cannon": {
            "progress": 0.44898214285714283,
            "rate": 0.51
        },
        "engine": {
            "progress": 0.44898214285714283,
            "rate": 0.51
        },
        "suspension": {
            "progress": 0.44898214285714283,
            "rate": 0.51
        }
    },
    "Ironshield Defence": {},
    "Bastion Steelworks": {},
    "Dragonfire Industries": {
        "cannon": {
            "progress": 0.8451428571428571,
            "rate": 0.51
        },
        "engine": {
            "progress": 0.8451428571428571,
            "rate": 0.51
        },
        "suspension": {
            "progress": 0.8451428571428571,
            "rate": 0.51
        },
        "armor": {
            "progress": 0.7923214285714285,
            "rate": 0.51
        }
    },
    "TEKKTH Productions": {
        "armor": {
            "progress": 0.9771964285714285,
            "rate": 0.51
        },
        "cannon": {
            "progress": 0.9771964285714285,
            "rate": 0.51
        },
        "engine": {
            "progress": 0.9771964285714285,
            "rate": 0.51
        },
        "suspension": {
            "progress": 0.9771964285714285,
            "rate": 0.51
        }
    },
    "Steelshire Manufacturing": {},
    "Goslingmetall": {
        "armor": {
            "progress": 0.10564285714285714,
            "rate": 0.51
        }
    }
}